Dataset,ExecutionTime,MemoryUsage,FoundWeight,OptimalWeight,NumberNodes,Quality
eil51.tsp,3.575441,144.19140625,640.9012229251007,426.0,51,1.5044629646129124
berlin52.tsp,3.503626,144.8125,10116.014495510826,7542.0,52,1.3412907047879643
st70.tsp,3.200372,145.18359375,873.3514856717352,675.0,70,1.293854052847015
eil76.tsp,3.732158,146.18359375,707.1533198611806,538.0,76,1.3144113752066555
pr76.tsp,3.363909,146.95703125,145338.11445183848,108159.0,76,1.3437449907251222
