Dataset,ExecutionTime,MemoryUsage,FoundWeight,OptimalWeight,NumberNodes,Quality
eil51.tsp,5.197395,110.36328125,623.1281256759754,426.0,51,1.4627420790515855
berlin52.tsp,5.473623,110.75390625,10338.130168013373,7542.0,52,1.370741204987188
st70.tsp,6.176966,111.49609375,933.6259571044627,675.0,70,1.3831495660806854
eil76.tsp,4.458985,112.35546875,699.629832352113,538.0,76,1.3004271976805075
pr76.tsp,5.493253,113.390625,139133.87340794876,108159.0,76,1.2863827643372143
